Expiration,CBid,CAsk,CVolume,COI,Strike,PBid,PAsk,PVolume,POI
19930,78.45,81.5,0,0,90.0,0.0,0.01,2,5
19930,73.45,76.5,0,0,95.0,0.0,0.01,0,0
19930,68.45,71.5,3,2,100.0,0.0,0.01,0,232
19930,63.45,66.5,0,172,105.0,0.0,0.01,0,120
19930,58.45,61.5,0,22,110.0,0.0,0.01,0,146
19930,53.45,56.5,1,2,115.0,0.0,0.02,0,101
19930,48.45,51.5,0,50,120.0,0.0,0.03,0,42
19930,43.45,46.5,1,1,125.0,0.0,0.01,0,26
19930,38.45,41.5,2,105,130.0,0.0,0.03,0,118
19930,33.45,36.5,0,8,135.0,0.0,0.01,1,162
19930,28.45,31.5,8,44,140.0,0.0,0.01,1,247
19930,23.5,26.5,0,51,145.0,0.01,0.02,50,987
19930,18.5,21.5,119,273,150.0,0.01,0.05,370,2431
19930,13.5,16.5,20,33,155.0,0.04,0.06,1943,2438
19930,9.25,11.5,28,83,160.0,0.14,0.17,1378,2899
19930,6.25,8.05,11,13,162.5,0.25,0.3,1031,1210
19930,4.6,4.9,87,162,165.0,0.49,0.54,6885,3653
19930,2.68,3.75,245,120,167.5,0.81,1.08,5306,2917
19930,1.26,2.75,4281,1322,170.0,2.03,2.15,11850,5780
19930,0.46,0.51,6424,499,172.5,3.65,3.85,6058,2985
19930,0.13,0.19,13905,2819,175.0,5.5,6.5,5542,7887
19930,0.04,0.1,6778,7955,177.5,7.55,9.15,3467,6148
19930,0.03,0.04,5733,8448,180.0,10.4,11.05,841,3418
19930,0.02,0.03,1877,3842,182.5,12.05,14.15,339,1645
19930,0.02,0.03,1585,7778,185.0,15.4,16.65,411,2657
19930,0.01,0.03,294,2684,187.5,16.85,19.15,173,1927
19930,0.01,0.03,1420,6913,190.0,18.5,21.65,28,671
19930,0.01,0.03,500,5935,192.5,21.0,24.15,8,85
19930,0.01,0.02,523,8845,195.0,23.5,26.65,11,125
19930,0.0,0.01,1824,2261,197.5,26.0,29.15,28,28
19930,0.0,0.02,1628,16849,200.0,28.5,31.65,5,3
19930,0.0,0.01,843,1916,202.5,31.0,34.15,0,0
19930,0.0,0.01,398,3093,205.0,33.5,36.65,0,1
19930,0.0,0.02,514,952,207.5,36.0,39.15,0,0
19930,0.0,0.01,122,4410,210.0,38.5,41.65,0,0
19930,0.0,0.01,20,824,212.5,41.0,44.15,0,0
19930,0.0,0.01,0,1321,215.0,43.5,46.65,0,1
19930,0.0,0.01,2,581,217.5,46.0,49.15,0,0
19930,0.0,0.01,64,1313,220.0,48.5,51.65,0,0
19930,0.0,0.01,50,1327,225.0,53.5,56.65,0,0
19930,0.0,0.01,0,1048,230.0,58.5,61.65,0,0
19930,0.0,0.01,0,238,235.0,63.5,66.65,0,0
19930,0.0,0.01,1,326,240.0,68.5,71.65,0,0
19930,0.0,0.23,0,119,245.0,73.5,76.65,0,0
19930,0.0,0.05,0,544,250.0,78.5,81.65,0,0
19930,0.0,0.23,0,22,255.0,83.5,86.65,0,0
19930,0.0,0.01,0,71,260.0,88.5,91.65,0,0
19930,0.0,0.01,0,9,265.0,93.5,96.65,0,0
19937,78.55,82.0,0,5,90.0,0.0,0.24,0,0
19937,73.6,77.0,0,0,95.0,0.0,0.24,0,1
19937,68.6,72.0,0,4,100.0,0.0,0.24,0,4
19937,63.6,67.0,0,100,105.0,0.0,0.04,0,1
19937,58.6,62.0,1,32,110.0,0.0,0.04,0,1
19937,53.6,57.0,2,3,115.0,0.0,0.04,0,0
19937,48.65,52.0,0,25,120.0,0.0,0.05,0,22
19937,43.65,47.0,0,0,125.0,0.0,0.05,0,2
19937,38.65,42.0,240,340,130.0,0.0,0.06,2,4
19937,33.65,37.0,0,2,135.0,0.01,0.07,0,1
19937,28.7,32.0,4,11,140.0,0.03,0.07,47,96
19937,24.05,24.9,0,155,145.0,0.06,0.12,10,69
19937,23.0,23.95,0,0,146.0,0.07,0.14,3,0
19937,22.0,22.95,0,0,147.0,0.08,0.15,13,0
19937,20.75,24.0,0,0,148.0,0.1,0.17,0,0
19937,20.05,21.0,0,0,149.0,0.12,0.19,8,0
19937,18.8,20.0,12,16,150.0,0.15,0.22,81,209
19937,16.35,19.5,0,0,152.5,0.26,0.7,20,0
19937,13.95,15.15,2,97,155.0,0.39,0.43,147,575
19937,12.1,12.7,0,0,157.5,0.55,0.81,990,0
19937,10.0,11.4,59,67,160.0,0.84,1.0,946,1233
19937,8.05,8.85,15,10,162.5,1.22,1.51,483,212
19937,6.15,6.35,113,38,165.0,1.4,2.0,1618,1459
19937,4.45,4.65,496,36,167.5,2.38,2.8,3917,381
19937,3.1,4.2,1732,538,170.0,3.6,3.85,4017,1660
19937,1.97,2.27,2831,136,172.5,5.0,5.25,1853,895
19937,1.2,1.46,4133,1201,175.0,5.75,7.85,2019,1756
19937,0.66,0.92,2338,958,177.5,8.65,9.1,308,1254
19937,0.35,0.47,5760,4042,180.0,10.6,11.9,572,840
19937,0.21,0.39,1738,1339,182.5,11.0,14.2,122,486
19937,0.12,0.16,1407,2568,185.0,14.4,16.65,249,949
19937,0.08,0.14,192,1486,187.5,16.0,18.85,4,63
19937,0.06,0.08,704,4173,190.0,19.5,21.65,10,423
19937,0.05,0.09,173,1137,192.5,21.95,24.15,0,29
19937,0.05,0.07,363,4157,195.0,23.5,26.65,0,1
19937,0.02,0.06,299,511,197.5,27.9,29.15,0,0
19937,0.04,0.05,284,3655,200.0,30.4,31.65,0,0
19937,0.01,0.05,40,186,202.5,31.05,34.15,0,0
19937,0.03,0.07,29,1837,205.0,33.5,36.65,0,0
19937,0.01,0.07,2,88,207.5,36.0,39.15,0,0
19937,0.01,0.05,10,561,210.0,38.5,41.65,1,1
19937,0.01,0.05,13,68,212.5,41.0,44.15,1,0
19937,0.01,0.06,74,455,215.0,45.4,46.65,0,0
19937,0.0,0.06,41,520,220.0,48.5,51.65,0,0
19937,0.0,0.05,6,949,225.0,54.4,56.65,0,0
19937,0.0,0.05,76,188,230.0,58.5,61.65,0,0
19937,0.0,0.02,2,42,235.0,64.4,66.65,0,0
19937,0.0,0.01,0,26,240.0,68.5,71.65,0,0
19937,0.0,0.01,0,12,245.0,73.5,76.65,0,0
19937,0.0,0.01,0,37,250.0,78.5,81.65,0,0
19937,0.0,0.01,0,1,255.0,83.5,86.65,0,0
19937,0.0,0.01,0,256,260.0,88.5,91.65,0,0
19937,0.0,0.01,0,198,265.0,93.5,96.65,0,0
19944,73.7,76.85,0,1,95.0,0.0,0.05,1,0
19944,68.7,72.0,0,2,100.0,0.0,0.05,0,0
19944,63.7,67.0,1,0,105.0,0.0,0.05,0,0
19944,58.75,61.9,0,0,110.0,0.0,0.05,0,0
19944,53.75,56.9,0,1,115.0,0.0,0.06,0,1
19944,48.75,52.0,0,0,120.0,0.0,0.07,0,0
19944,43.8,46.9,1,0,125.0,0.01,0.07,0,0
19944,38.8,41.95,60,25,130.0,0.02,0.09,0,0
19944,33.85,37.0,0,1,135.0,0.03,0.11,0,5
19944,28.85,32.0,0,18,140.0,0.09,0.14,8,40
19944,23.95,25.3,0,2,145.0,0.19,0.24,35,32
19944,22.95,24.3,0,0,146.0,0.18,0.27,0,0
19944,22.0,25.25,0,0,147.0,0.21,0.32,0,0
19944,21.0,22.4,0,0,148.0,0.0,1.73,2,0
19944,20.05,23.5,0,0,149.0,0.31,0.57,0,0
19944,19.1,21.35,119,310,150.0,0.35,0.43,22,23
19944,16.7,17.9,0,0,152.5,0.0,2.67,0,0
19944,14.85,15.6,0,5,155.0,0.69,0.76,113,495
19944,12.8,14.25,2,0,157.5,0.97,1.06,55,0
19944,10.6,11.5,4,6,160.0,1.35,1.39,784,314
19944,8.85,10.05,4,0,162.5,1.83,1.95,134,0
19944,7.05,9.3,87,26,165.0,2.5,2.83,379,487
19944,5.4,6.6,20,0,167.5,3.35,4.5,204,0
19944,4.0,4.2,547,250,170.0,2.9,5.25,535,918
19944,2.84,3.9,264,0,172.5,5.75,6.0,260,0
19944,1.95,2.05,2318,865,175.0,6.35,7.6,502,931
19944,1.25,1.36,233,0,177.5,8.2,9.45,23,0
19944,0.79,0.86,835,1206,180.0,11.1,11.7,74,418
19944,0.5,0.76,259,0,182.5,12.3,14.1,12,0
19944,0.31,0.37,745,1339,185.0,15.4,16.45,33,420
19944,0.21,0.25,27,0,187.5,17.9,18.85,3,0
19944,0.15,0.2,194,897,190.0,18.5,21.45,6,99
19944,0.08,0.16,8,0,192.5,22.8,23.95,0,0
19944,0.07,0.11,77,2057,195.0,23.5,26.65,1,0
19944,0.04,0.1,2,0,197.5,26.0,29.15,0,0
19944,0.03,0.08,44,741,200.0,28.5,31.65,35,10
19944,0.02,0.08,23,886,205.0,33.5,36.65,1,1
19944,0.02,0.04,118,1202,210.0,38.5,41.65,1,0
19944,0.0,0.07,0,234,215.0,43.5,46.65,0,0
19944,0.0,0.07,20,823,220.0,48.5,51.65,0,0
19944,0.0,0.06,0,231,225.0,53.5,56.65,0,0
19944,0.0,0.05,0,265,230.0,58.5,61.65,0,0
19944,0.0,0.06,1,24,235.0,63.5,66.65,0,0
19944,0.01,0.02,0,242,240.0,68.5,71.65,0,0
19944,0.0,0.04,0,23,245.0,73.5,76.65,0,0
19944,0.0,0.05,0,6,250.0,78.5,81.65,0,0
19944,0.0,0.65,0,0,255.0,83.5,86.65,0,0
19944,0.0,0.45,0,0,260.0,88.5,91.65,0,0
19944,0.0,0.25,0,0,265.0,93.5,96.65,0,0
19951,78.8,81.9,1,3,90.0,0.0,0.02,0,45
19951,73.8,77.0,0,14,95.0,0.0,0.05,0,1
19951,68.8,72.0,0,237,100.0,0.0,0.26,0,12
19951,63.85,67.0,0,31,105.0,0.0,0.07,0,3
19951,58.85,61.95,0,12,110.0,0.01,0.07,0,29
19951,53.9,57.0,0,152,115.0,0.01,0.08,4,31
19951,48.9,52.0,0,104,120.0,0.01,0.05,9,35
19951,43.95,47.0,0,34,125.0,0.02,0.1,0,868
19951,38.95,42.0,0,9,130.0,0.04,0.13,30,130
19951,34.0,37.2,2002,107,135.0,0.07,0.17,2022,226
19951,29.05,32.25,1,13,140.0,0.16,0.22,44,201
19951,24.2,27.4,1,94,145.0,0.29,0.37,189,286
19951,20.0,20.65,27,536,150.0,0.58,0.69,90,1241
19951,17.75,18.3,0,0,152.5,0.78,0.85,24,0
19951,15.65,16.0,41,310,155.0,1.04,1.32,168,2400
19951,13.4,14.85,0,0,157.5,0.23,1.67,201,0
19951,11.3,12.8,329,2793,160.0,1.61,1.9,1899,4173
19951,7.8,10.1,246,302,165.0,3.1,3.25,1177,4117
19951,3.5,6.9,728,1297,170.0,5.05,5.3,1906,5602
19951,2.68,3.85,2427,3310,175.0,7.95,8.1,927,6262
19951,1.33,1.43,2175,5817,180.0,11.5,11.95,736,14374
19951,0.62,0.69,1331,6523,185.0,14.05,16.9,146,3671
19951,0.3,0.35,1809,6701,190.0,19.45,21.65,87,2091
19951,0.15,0.19,1444,15766,195.0,23.5,26.65,127,379
19951,0.08,0.12,1306,7366,200.0,28.5,31.65,10,6
19951,0.05,0.08,193,2905,205.0,33.5,36.65,0,0
19951,0.05,0.1,98,3368,210.0,38.5,41.65,0,0
19951,0.04,0.08,24,1027,215.0,43.5,46.65,0,0
19951,0.01,0.07,6,1620,220.0,48.5,51.65,0,0
19951,0.02,0.07,11,147,225.0,53.5,56.65,0,0
19951,0.01,0.07,7,372,230.0,58.5,61.65,0,0
19951,0.0,0.06,1,94,235.0,65.4,66.65,0,0
19951,0.0,0.07,0,50,240.0,68.5,71.65,1,0
19951,0.01,0.07,0,138,245.0,73.5,76.65,0,0
19951,0.0,0.06,0,355,250.0,78.5,81.65,0,0
19951,0.0,0.06,0,6,255.0,83.5,86.65,0,0
19951,0.0,0.06,0,17,260.0,88.5,91.65,1,0
19951,0.0,0.06,0,94,265.0,93.5,96.65,0,0
19958,73.9,77.0,11,11,95.0,0.0,0.08,0,0
19958,68.95,72.0,0,1,100.0,0.0,0.09,0,50
19958,63.95,67.0,0,1,105.0,0.0,0.05,0,0
19958,59.0,62.0,0,1,110.0,0.0,0.11,0,0
19958,54.0,57.5,0,0,115.0,0.0,0.31,0,0
19958,49.05,52.5,0,4,120.0,0.0,0.93,0,1
19958,44.1,47.5,0,3,125.0,0.0,0.36,0,1
19958,39.1,42.4,0,0,130.0,0.04,0.18,0,1
19958,34.4,37.5,0,2,135.0,0.1,0.24,2,0
19958,29.25,32.5,0,0,140.0,0.19,0.31,2,7
19958,24.4,26.8,0,0,145.0,0.41,0.49,13,26
19958,19.7,21.25,7,2,150.0,0.74,0.8,254,213
19958,15.85,16.6,6,4,155.0,1.25,1.37,87,158
19958,11.8,12.45,2,32,160.0,2.15,2.31,213,408
19958,8.4,8.65,58,54,165.0,3.5,4.0,381,626
19958,5.45,5.7,224,152,170.0,5.5,5.8,1114,442
19958,3.2,3.5,254,308,175.0,8.3,8.6,91,739
19958,1.71,1.88,413,677,180.0,11.6,12.4,29,533
19958,0.83,1.17,341,569,185.0,15.7,16.75,67,422
19958,0.4,0.5,162,854,190.0,20.3,21.5,2,88
19958,0.2,0.28,112,596,195.0,23.5,26.65,0,31
19958,0.09,0.17,58,591,200.0,28.5,31.65,20,0
19958,0.04,0.17,30,505,205.0,33.5,36.65,10,6
19958,0.06,0.14,63,231,210.0,38.5,41.65,11,6
19958,0.02,0.09,11,120,215.0,43.5,46.65,1,0
19958,0.01,0.09,2,67,220.0,48.5,51.65,0,0
19958,0.0,0.11,0,33,225.0,53.5,56.65,0,0
19958,0.0,0.1,0,13,230.0,58.5,61.65,0,0
19958,0.0,0.11,0,49,235.0,63.5,66.65,0,0
19958,0.0,0.3,0,0,240.0,68.5,71.65,0,0
19958,0.0,0.1,0,0,245.0,73.5,76.65,0,0
19958,0.0,0.1,0,5,250.0,78.5,81.65,0,0
19958,0.0,0.09,0,5,255.0,83.5,86.65,0,0
19958,0.0,2.13,0,0,260.0,88.5,91.65,0,0
19958,0.0,0.09,0,0,265.0,93.5,96.65,0,0
19965,69.05,72.5,0,0,100.0,0.0,0.1,2,0
19965,64.1,67.5,1,1,105.0,0.0,0.31,0,1
19965,59.15,62.5,0,0,110.0,0.0,0.33,0,1
19965,54.2,57.5,0,0,115.0,0.0,0.34,0,0
19965,49.2,52.5,0,0,120.0,0.0,0.37,0,0
19965,44.25,47.5,0,0,125.0,0.0,0.41,0,0
19965,39.3,42.5,0,0,130.0,0.0,2.3,0,1
19965,34.4,37.5,0,3,135.0,0.0,0.55,0,1
19965,29.5,33.0,0,0,140.0,0.13,0.67,1,0
19965,24.7,28.0,0,5,145.0,0.35,0.76,12,5
19965,20.5,21.55,2,13,150.0,0.89,1.09,234,80
19965,16.35,17.4,0,2,155.0,1.3,1.76,38,349
19965,12.45,13.05,20,32,160.0,2.38,2.86,100,130
19965,8.75,9.35,9,79,165.0,3.7,4.1,214,1017
19965,5.8,6.3,48,65,170.0,5.75,6.2,109,286
19965,3.55,5.0,437,221,175.0,8.55,9.0,106,206
19965,2.18,2.3,450,736,180.0,11.05,12.8,279,126
19965,1.21,1.33,193,993,185.0,16.05,17.1,25,308
19965,0.6,0.82,294,736,190.0,20.35,21.7,8,33
19965,0.25,0.42,171,380,195.0,24.1,26.65,0,2
19965,0.1,0.49,52,370,200.0,29.1,31.65,1,2
19965,0.11,0.41,4,140,205.0,34.1,36.65,1,0
19965,0.1,0.33,17,130,210.0,38.5,41.65,2,0
19965,0.0,0.42,0,96,215.0,43.5,46.65,0,0
19965,0.0,0.59,0,118,220.0,48.5,51.65,0,0
19965,0.0,0.57,0,113,225.0,53.5,56.65,0,0
19965,0.0,0.36,0,56,230.0,59.1,61.65,0,0
19965,0.0,0.35,0,2,235.0,63.5,66.65,0,0
19965,0.0,0.34,0,2,240.0,68.5,71.65,0,0
19965,0.0,2.15,0,0,245.0,73.5,76.65,0,0
19965,0.0,0.36,0,0,250.0,78.5,81.65,0,0
19965,0.0,0.32,0,0,255.0,83.5,86.65,0,0
19965,0.0,0.32,0,1,260.0,88.5,91.65,0,0
19965,0.0,0.31,0,0,265.0,93.5,96.65,0,0
19972,64.2,67.5,0,0,105.0,0.0,2.16,0,0
19972,59.25,62.5,0,0,110.0,0.0,2.19,0,0
19972,54.3,57.5,0,0,115.0,0.0,2.2,0,0
19972,49.35,52.4,0,0,120.0,0.0,2.2,0,0
19972,44.4,47.45,0,0,125.0,0.0,2.23,0,0
19972,39.45,42.55,0,0,130.0,0.0,2.32,0,0
19972,34.55,37.65,0,0,135.0,0.0,2.33,0,0
19972,29.7,33.0,0,0,140.0,0.0,2.43,0,0
19972,24.95,28.5,0,0,145.0,0.0,2.6,0,0
19972,20.3,22.2,0,0,150.0,0.0,1.4,0,0
19972,16.6,18.85,0,0,155.0,1.21,3.6,5,0
19972,12.5,14.9,1,0,160.0,2.43,4.8,510,0
19972,8.75,10.5,0,0,165.0,3.9,5.05,29,0
19972,6.05,8.5,39,0,170.0,5.95,7.75,29,0
19972,3.65,6.05,17,0,175.0,7.55,9.9,0,0
19972,1.91,2.91,16,0,180.0,11.95,13.6,1,0
19972,1.26,3.4,4,0,185.0,15.9,17.45,5,0
19972,0.2,2.89,4,0,190.0,18.8,21.85,8,0
19972,0.0,2.64,0,0,195.0,23.5,26.65,0,0
19972,0.0,2.45,0,0,200.0,28.5,31.65,0,0
19972,0.0,0.72,0,0,205.0,33.5,36.65,0,0
19972,0.0,2.27,2,0,210.0,38.5,41.65,0,0
19972,0.0,2.23,0,0,215.0,43.5,46.65,0,0
19972,0.0,2.2,0,0,220.0,48.5,51.65,0,0
19972,0.0,2.2,0,0,225.0,53.5,56.65,0,0
19972,0.0,2.18,0,0,230.0,58.5,61.65,0,0
19972,0.0,2.17,0,0,235.0,63.5,66.65,0,0
19972,0.0,2.16,0,0,240.0,68.5,71.65,0,0
19972,0.0,2.16,0,0,245.0,73.5,76.65,0,0
19986,123.8,127.0,0,3,45.0,0.0,0.01,0,1678
19986,118.8,121.95,0,25,50.0,0.0,0.25,0,2213
19986,113.85,116.95,0,110,55.0,0.0,1.02,0,1411
19986,108.9,112.0,0,59,60.0,0.0,0.15,0,1334
19986,103.9,107.0,0,24,65.0,0.0,0.06,0,3854
19986,98.95,102.0,10,473,70.0,0.0,0.06,0,3540
19986,94.0,97.0,0,158,75.0,0.0,0.06,0,2068
19986,89.05,92.2,9,516,80.0,0.01,0.06,0,1456
19986,84.1,87.2,0,860,85.0,0.0,0.07,0,746
19986,79.1,82.25,0,945,90.0,0.0,0.12,0,1395
19986,74.15,77.5,0,1677,95.0,0.01,0.29,0,1349
19986,69.2,72.35,0,480,100.0,0.03,0.09,0,2385
19986,64.25,67.45,0,1127,105.0,0.02,0.1,1,4339
19986,59.35,62.5,1,2781,110.0,0.04,0.12,0,2038
19986,54.4,57.5,0,1272,115.0,0.04,0.14,3,1565
19986,49.45,52.5,0,3438,120.0,0.07,0.12,840,6475
19986,44.55,47.75,0,6816,125.0,0.13,0.21,8,4249
19986,39.65,42.85,4,4571,130.0,0.22,0.33,50,6063
19986,34.8,38.0,1,1458,135.0,0.37,0.47,13,3345
19986,30.3,33.3,5,3890,140.0,0.65,0.72,29,4981
19986,25.7,28.85,7,7592,145.0,1.01,1.11,46,5610
19986,21.8,22.5,33,5853,150.0,1.57,1.71,578,4423
19986,17.45,18.35,3,5813,155.0,1.8,2.54,890,5848
19986,13.65,14.2,39,19007,160.0,3.55,3.75,1292,6563
19986,10.55,10.85,29,4577,165.0,4.1,5.4,492,4375
19986,7.7,7.9,406,3407,170.0,6.0,7.45,689,7087
19986,5.4,5.55,2818,4279,175.0,8.85,11.15,757,4690
19986,3.55,3.7,1004,14074,180.0,11.25,13.95,187,3005
19986,2.28,2.38,956,5881,185.0,16.65,17.6,69,979
19986,1.42,1.5,963,12821,190.0,21.05,21.95,40,765
19986,0.85,1.14,2206,22042,195.0,24.3,26.7,1,269
19986,0.55,0.62,1833,10587,200.0,30.3,31.65,2,191
19986,0.35,0.42,275,9048,205.0,33.5,36.65,0,0
19986,0.24,0.3,202,13000,210.0,38.5,41.65,0,1
19986,0.17,0.27,141,3493,215.0,43.5,46.65,0,0
19986,0.13,0.22,41,1270,220.0,48.5,51.65,0,0
19986,0.09,0.17,122,3834,225.0,53.5,56.65,0,0
19986,0.07,0.14,10,1477,230.0,58.5,61.65,0,0
19986,0.05,0.12,46,368,235.0,63.5,66.65,0,0
19986,0.05,0.13,250,452,240.0,68.5,71.65,0,0
19986,0.03,0.1,1,36,245.0,73.5,76.65,0,0
19986,0.03,0.1,0,1213,250.0,78.5,81.65,0,0
19986,0.02,0.11,1,102,255.0,83.5,86.65,0,0
19986,0.02,0.08,0,104,260.0,88.5,91.65,0,0
19986,0.01,0.08,1,85,265.0,93.5,96.65,0,0
20014,99.25,102.35,0,2,70.0,0.0,0.28,0,61
20014,94.3,97.45,0,1,75.0,0.0,0.68,0,3
20014,89.35,92.5,0,2,80.0,0.0,0.95,0,129
20014,84.45,87.5,0,1,85.0,0.0,2.16,0,7
20014,79.5,82.5,0,5,90.0,0.01,0.08,0,81
20014,74.6,77.75,0,2,95.0,0.03,0.1,1,135
20014,69.65,72.85,0,20,100.0,0.03,0.13,10,88
20014,64.75,67.9,0,49,105.0,0.04,0.16,0,258
20014,59.85,63.0,0,277,110.0,0.09,0.19,0,247
20014,54.95,58.0,1,103,115.0,0.11,0.24,15,1454
20014,50.05,53.25,11,64,120.0,0.18,0.26,28,464
20014,45.2,48.4,0,534,125.0,0.28,0.6,297,624
20014,40.35,43.65,0,892,130.0,0.43,0.57,87,1747
20014,35.6,38.95,10,206,135.0,0.73,0.84,1,930
20014,30.95,34.5,0,305,140.0,1.08,1.17,41,853
20014,27.0,27.75,0,531,145.0,1.58,1.9,20,1175
20014,22.95,23.55,35,965,150.0,2.3,2.64,20,1719
20014,18.85,19.55,4,873,155.0,3.3,4.5,55,1867
20014,15.65,17.9,47,1067,160.0,3.65,4.85,298,853
20014,12.4,14.85,30,862,165.0,5.25,6.55,551,1115
20014,9.55,11.65,1887,1011,170.0,6.65,9.95,249,1045
20014,7.15,9.4,179,1036,175.0,11.1,12.4,395,1151
20014,5.2,5.4,523,1910,180.0,14.1,14.5,178,1577
20014,3.7,3.85,770,5135,185.0,17.35,18.55,45,1477
20014,2.52,2.82,304,2548,190.0,19.5,22.4,24,1142
20014,1.71,2.0,180,1986,195.0,25.8,27.0,3,126
20014,1.13,1.28,1064,3592,200.0,29.35,31.7,0,65
20014,0.74,0.84,219,3380,205.0,33.5,36.65,0,9
20014,0.5,0.6,322,1996,210.0,38.5,41.65,1,0
20014,0.25,0.37,58,1425,220.0,48.5,51.65,0,0
20014,0.13,0.23,7,3123,230.0,58.5,61.65,0,0
20014,0.07,0.17,18,2852,240.0,68.5,71.65,0,0
20014,0.04,0.14,8,608,250.0,78.5,81.65,0,0
20014,0.04,0.12,0,134,260.0,88.5,91.65,0,0
20014,0.03,0.1,3,441,270.0,98.5,101.65,0,0
20042,99.55,102.5,0,2,70.0,0.01,0.12,0,115
20042,94.65,97.8,0,2,75.0,0.0,0.13,0,16
20042,89.75,92.9,0,4,80.0,0.0,0.15,0,13
20042,84.85,88.0,0,2,85.0,0.0,0.17,0,8
20042,79.95,83.0,0,42,90.0,0.0,0.39,0,94
20042,75.05,78.25,0,13,95.0,0.06,0.23,0,573
20042,70.2,73.3,0,51,100.0,0.09,0.27,0,476
20042,65.3,68.45,0,42,105.0,0.15,0.33,1,53
20042,60.45,63.5,0,55,110.0,0.22,0.4,0,217
20042,55.6,58.8,1,224,115.0,0.32,0.5,1,96
20042,50.85,54.0,0,105,120.0,0.46,0.6,0,643
20042,46.1,49.35,0,94,125.0,0.71,0.83,3,209
20042,41.8,42.8,0,178,130.0,1.0,1.14,13,846
20042,36.85,38.2,0,167,135.0,1.39,1.52,7,764
20042,32.95,33.7,1,444,140.0,1.95,2.1,20,618
20042,28.8,29.55,0,526,145.0,2.68,2.87,9,834
20042,25.0,25.8,5,449,150.0,2.92,3.85,848,1723
20042,21.25,21.75,14,267,155.0,4.85,5.85,85,1072
20042,17.7,18.3,222,647,160.0,5.4,6.6,368,1444
20042,14.8,15.4,7,969,165.0,7.3,8.45,394,1651
20042,11.25,12.45,184,1315,170.0,8.55,10.65,203,2616
20042,9.8,10.05,210,1557,175.0,12.95,13.3,50,1677
20042,7.75,7.95,306,5489,180.0,13.85,17.15,94,1103
20042,6.05,6.2,466,2827,185.0,17.0,19.8,7,1076
20042,4.6,4.85,482,1265,190.0,22.65,23.5,2,516
20042,3.45,3.65,102,1072,195.0,26.5,27.7,0,74
20042,2.45,2.74,41,1426,200.0,29.45,32.0,1,27
20042,1.92,2.03,268,510,205.0,33.85,36.8,0,57
20042,1.4,1.51,57,2832,210.0,38.5,41.65,16,86
20042,0.7,0.84,295,3621,220.0,48.5,51.65,0,0
20042,0.4,0.59,85,1126,230.0,58.65,61.65,0,0
20042,0.26,0.41,6,599,240.0,68.65,71.65,0,0
20042,0.2,0.34,4,233,250.0,78.5,81.65,0,0
20042,0.12,0.25,55,168,260.0,88.5,91.65,0,0
20042,0.07,0.22,0,24,270.0,98.5,101.65,0,0
20077,124.25,127.35,0,11,45.0,0.02,0.1,0,913
20077,119.35,122.5,0,5,50.0,0.02,0.13,0,1234
20077,114.5,117.5,0,3,55.0,0.0,0.14,0,3951
20077,109.6,112.65,0,31,60.0,0.0,0.15,0,943
20077,104.7,107.85,0,13,65.0,0.0,0.16,0,957
20077,99.8,103.0,0,17,70.0,0.0,0.61,0,1100
20077,94.9,98.0,0,26,75.0,0.05,0.2,0,800
20077,90.05,93.15,0,109,80.0,0.01,0.22,0,825
20077,85.15,88.3,0,101,85.0,0.07,0.15,0,1746
20077,80.3,83.4,0,176,90.0,0.16,0.29,1,1489
20077,75.45,78.55,0,683,95.0,0.11,0.34,0,2932
20077,70.6,73.7,1,602,100.0,0.17,0.4,4,1111
20077,65.75,68.9,0,1050,105.0,0.24,0.43,3,1004
20077,60.95,64.5,0,791,110.0,0.34,0.57,5,1446
20077,56.2,59.35,2,380,115.0,0.47,0.67,0,2066
20077,51.45,54.7,19,783,120.0,0.65,0.91,4,1554
20077,47.0,48.25,2,824,125.0,0.99,1.13,3,3839
20077,42.2,45.5,1,1064,130.0,1.41,1.48,114,4714
20077,38.2,39.2,9,2660,135.0,1.89,1.99,66,2644
20077,34.3,34.75,78,1640,140.0,2.52,2.65,11,1785
20077,30.3,31.65,4,1806,145.0,3.3,3.55,47,2019
20077,26.0,26.8,16,5742,150.0,4.3,4.65,71,3387
20077,22.6,23.2,212,4748,155.0,5.65,6.65,120,1811
20077,19.2,19.85,235,2993,160.0,7.25,7.5,346,717
20077,16.3,17.7,23,1792,165.0,7.35,9.4,50,1915
20077,13.7,14.0,248,4875,170.0,11.3,11.65,114,8253
20077,9.6,11.55,95,2870,175.0,11.6,14.25,12,1153
20077,9.2,9.45,524,3425,180.0,14.5,18.15,171,1388
20077,7.5,7.7,87,3246,185.0,17.5,20.7,15,1871
20077,5.9,6.2,291,2474,190.0,23.55,24.35,2,970
20077,4.65,4.85,139,1244,195.0,27.45,28.15,0,708
20077,3.6,3.8,315,4230,200.0,31.6,32.4,125,503
20077,2.62,2.96,107,802,205.0,35.75,37.1,0,10
20077,2.2,2.37,247,5776,210.0,38.75,41.75,0,40
20077,1.66,1.79,19,701,215.0,43.5,46.65,0,9
20077,1.28,1.48,17,1131,220.0,48.5,51.65,0,0
20077,1.01,1.1,40,1718,225.0,53.5,56.65,0,0
20077,0.82,0.89,11,399,230.0,58.5,61.65,0,0
20077,0.64,0.72,1,251,235.0,63.5,66.65,0,0
20077,0.5,0.68,83,258,240.0,68.5,71.6,0,0
20077,0.35,0.55,6,231,250.0,78.5,81.6,0,0
20077,0.25,0.39,1,232,260.0,88.5,91.65,0,0
20077,0.17,0.38,8,332,270.0,98.5,101.65,0,0
20105,124.1,127.5,3,1298,45.0,0.01,0.08,0,3504
20105,119.25,122.5,1,289,50.0,0.02,0.17,1,7011
20105,114.4,117.7,0,327,55.0,0.02,0.19,0,1531
20105,109.55,113.0,0,870,60.0,0.03,0.4,0,1661
20105,104.5,108.0,0,401,65.0,0.01,0.2,0,1677
20105,99.8,103.0,0,886,70.0,0.01,0.25,0,3305
20105,94.95,98.5,0,730,75.0,0.05,0.15,0,5210
20105,89.95,93.5,2,1538,80.0,0.07,0.31,48,6034
20105,85.2,88.5,0,1211,85.0,0.08,0.22,2,5728
20105,80.2,83.8,0,1350,90.0,0.18,0.4,1,7162
20105,75.45,79.0,0,1688,95.0,0.17,0.47,0,4394
20105,70.55,74.15,43,3058,100.0,0.34,0.5,15,4171
20105,65.75,69.4,0,1864,105.0,0.33,0.59,162,3504
20105,61.15,64.65,0,1425,110.0,0.45,0.71,1,3186
20105,56.3,60.0,4,2956,115.0,0.61,0.88,0,3390
20105,51.85,53.25,18,2947,120.0,0.95,1.1,22,5076
20105,47.0,49.0,151,3338,125.0,1.26,1.42,6,5342
20105,43.35,44.55,65,2996,130.0,1.69,1.8,11,4135
20105,39.5,40.1,17,3350,135.0,2.23,2.45,4,3486
20105,35.3,35.95,10,15146,140.0,2.92,3.15,41,9667
20105,30.95,31.75,20,3678,145.0,3.85,4.0,79,14022
20105,27.55,28.85,71,10026,150.0,4.9,5.25,140,4220
20105,24.0,24.65,286,3410,155.0,6.25,7.2,312,1966
20105,20.5,21.05,304,10292,160.0,7.75,8.2,195,4576
20105,17.5,18.0,114,9602,165.0,8.75,10.2,300,2822
20105,15.0,15.3,197,4984,170.0,11.95,12.45,117,2250
20105,12.45,12.85,256,2798,175.0,12.7,14.95,32,2271
20105,10.0,10.65,334,30041,180.0,17.35,17.9,121,5738
20105,8.4,8.8,187,4160,185.0,18.5,21.2,259,1666
20105,6.9,7.3,112,5943,190.0,22.0,24.8,53,765
20105,5.6,5.85,108,2705,195.0,27.5,28.75,14,340
20105,4.5,4.75,259,6472,200.0,31.9,32.75,1,585
20105,3.55,3.8,11,792,205.0,36.15,37.05,6,165
20105,2.89,3.05,31,5553,210.0,39.4,42.55,0,99
20105,2.24,2.43,14,850,215.0,43.5,47.15,0,113
20105,1.82,1.98,49,1584,220.0,48.5,52.1,0,193
20105,1.5,1.58,73,2076,225.0,53.5,57.1,0,0
20105,1.17,1.33,41,732,230.0,58.5,62.1,0,0
20105,0.76,0.88,7,2922,240.0,68.5,72.1,0,0
20105,0.47,0.77,5,684,250.0,78.5,82.1,0,0
20105,0.31,0.56,21,624,260.0,88.65,92.1,0,0
20105,0.24,0.47,5,163,270.0,98.5,102.1,0,0
20168,99.3,103.6,0,7,70.0,0.07,0.71,0,383
20168,94.5,98.8,0,1,75.0,0.0,1.21,0,647
20168,89.75,94.0,0,29,80.0,0.0,2.05,0,318
20168,84.95,89.3,0,0,85.0,0.0,1.32,0,16
20168,79.85,84.5,0,14,90.0,0.0,1.3,0,63
20168,75.45,79.8,0,2,95.0,0.0,2.58,0,176
20168,70.65,75.0,0,5723,100.0,0.27,0.86,0,1109
20168,65.7,70.5,0,14,105.0,0.0,2.85,0,251
20168,61.1,65.95,0,41,110.0,0.69,1.22,0,230
20168,57.05,60.6,0,138,115.0,0.96,1.43,0,534
20168,53.65,54.9,0,69,120.0,1.32,1.76,8,225
20168,47.7,52.5,0,53,125.0,1.71,2.19,0,6281
20168,45.05,46.35,4,84,130.0,2.47,2.77,11,2268
20168,41.15,42.05,0,104,135.0,2.92,3.75,15,293
20168,36.75,38.2,2,213,140.0,4.0,4.35,9,1581
20168,33.1,34.25,4,84,145.0,5.05,6.1,46,384
20168,29.8,30.5,44,277,150.0,5.3,6.9,437,444
20168,26.75,27.45,22,199,155.0,7.65,8.5,16,455
20168,23.35,24.25,4,2466,160.0,9.45,9.9,14,830
20168,20.1,21.15,4,3256,165.0,11.05,12.25,36,1142
20168,17.35,18.5,7,3350,170.0,13.7,14.55,4,1441
20168,15.15,15.9,31,594,175.0,16.2,17.15,1,247
20168,13.0,14.55,117,997,180.0,18.8,19.95,3,626
20168,11.25,11.7,7,1086,185.0,22.0,23.0,0,117
20168,9.6,10.35,127,975,190.0,25.5,28.0,0,10072
20168,8.1,9.1,95,589,195.0,28.9,32.0,3,47
20168,6.95,7.15,69,611,200.0,32.85,35.5,7,45
20168,5.5,6.1,83,387,205.0,36.9,40.0,0,7
20168,4.8,5.35,22,1333,210.0,39.3,43.55,0,5
20168,3.2,4.25,7,16,215.0,44.1,48.5,0,0
20168,2.99,3.6,21,593,220.0,48.5,53.35,0,81
20168,2.74,2.99,22,94,225.0,53.5,58.2,0,1
20168,2.24,2.79,37,1098,230.0,58.5,63.35,0,0
20168,1.91,2.22,2,1,235.0,63.5,68.35,0,0
20168,1.61,1.92,0,102,240.0,68.5,73.3,0,0
20168,1.36,2.07,8,0,245.0,73.65,77.75,0,0
20168,0.96,1.45,4,69,250.0,78.5,83.25,0,0
20168,0.8,1.35,101,0,255.0,83.5,88.3,0,0
20168,0.9,0.98,6,90,260.0,88.5,93.3,0,0
20168,0.67,0.86,0,1,265.0,93.5,98.3,0,0
20168,0.58,1.01,73,49,270.0,98.5,103.3,0,0
20168,0.36,0.92,0,3,275.0,103.5,108.3,0,0
20168,0.22,0.91,0,3,280.0,108.5,113.25,0,0
20168,0.0,2.65,0,16,285.0,113.5,118.25,0,0
20259,123.05,128.0,1,121,45.0,0.03,0.4,0,517
20259,118.55,123.5,0,84,50.0,0.0,1.35,0,1912
20259,113.55,118.5,0,396,55.0,0.0,2.23,0,909
20259,109.0,114.0,0,142,60.0,0.0,2.26,0,417
20259,104.05,109.0,0,64,65.0,0.05,0.5,0,1045
20259,99.55,104.5,0,167,70.0,0.0,0.7,0,1328
20259,94.55,99.5,0,128,75.0,0.0,2.37,20,1215
20259,90.05,95.0,0,127,80.0,0.0,2.45,13,789
20259,85.5,90.5,1,47,85.0,0.18,0.5,2,566
20259,80.55,85.5,1,586,90.0,0.15,1.79,0,1018
20259,76.0,81.0,0,131,95.0,0.0,1.95,1,635
20259,71.5,76.5,2,500,100.0,0.5,1.1,649,1676
20259,67.0,72.0,0,112,105.0,0.15,1.97,0,975
20259,62.5,66.85,0,786,110.0,0.95,1.5,115,1447
20259,58.25,61.35,0,267,115.0,1.17,2.67,10,1755
20259,54.4,56.95,0,1168,120.0,2.21,2.49,3,1953
20259,51.7,53.95,3,621,125.0,1.94,3.15,2,1079
20259,47.5,48.9,30,1334,130.0,2.18,4.2,1,785
20259,43.15,45.7,1,471,135.0,3.85,5.3,0,853
20259,39.65,41.0,186,1889,140.0,5.25,7.1,8,1608
20259,36.15,37.7,2,4749,145.0,6.25,7.8,1,3116
20259,32.55,34.2,19,3267,150.0,7.65,8.5,6,2362
20259,29.15,31.85,3,1943,155.0,8.95,10.1,12,2678
20259,26.1,27.9,3,3107,160.0,11.35,12.05,4,5359
20259,22.8,25.45,7,1938,165.0,13.1,14.15,1,903
20259,21.5,22.4,39,4541,170.0,14.85,16.45,4,905
20259,18.9,21.5,20,1804,175.0,17.6,19.1,3,2243
20259,16.25,17.8,48,4659,180.0,20.1,22.95,0,1915
20259,14.3,15.55,135,1495,185.0,24.0,27.0,1,112
20259,13.3,13.75,19,2631,190.0,25.1,30.0,0,704
20259,11.45,12.4,14,1458,195.0,29.25,33.5,1,36
20259,10.25,10.8,36,3914,200.0,32.9,37.0,1,21
20259,7.8,9.8,2,2154,205.0,36.9,41.0,0,52
20259,7.3,8.5,8,6238,210.0,40.65,45.0,0,5
20259,6.25,7.8,6,1919,215.0,45.75,49.5,0,61
20259,5.15,6.85,15,1211,220.0,49.75,54.0,0,63
20259,5.05,6.15,24,1861,225.0,53.55,58.5,0,51
20259,4.25,4.95,50,3143,230.0,58.5,63.5,0,6
20259,2.49,4.0,21,276,240.0,68.5,73.5,0,2
20259,1.94,2.8,25,325,250.0,78.5,83.5,0,0
20259,1.3,2.67,11,287,260.0,88.5,93.5,0,0
20259,1.38,2.47,116,248,270.0,98.5,103.5,0,0
20441,123.5,128.5,0,43,45.0,0.0,0.65,0,262
20441,119.0,124.0,0,185,50.0,0.2,0.5,0,874
20441,114.5,119.5,0,473,55.0,0.0,5.0,0,85
20441,110.0,115.0,5,33,60.0,0.12,2.3,0,94
20441,105.5,110.0,0,92,65.0,0.3,0.56,0,723
20441,100.5,105.5,0,65,70.0,0.12,1.11,0,1355
20441,96.0,101.0,0,28,75.0,0.27,1.1,0,416
20441,91.5,96.5,0,312,80.0,0.44,0.91,2,1242
20441,87.0,92.0,1,79,85.0,0.41,1.25,0,977
20441,82.5,87.5,0,450,90.0,0.51,2.5,23,1117
20441,78.5,83.0,0,246,95.0,0.65,2.44,0,596
20441,74.0,79.0,2,338,100.0,1.4,2.68,2,698
20441,69.75,74.45,0,99,105.0,1.77,2.71,0,2912
20441,65.65,70.5,1,1486,110.0,2.01,2.98,7,1193
20441,61.85,66.5,0,586,115.0,2.46,3.6,0,437
20441,58.2,61.25,21,1444,120.0,2.82,4.3,0,520
20441,54.4,56.6,0,485,125.0,3.15,5.25,0,606
20441,51.85,53.1,0,867,130.0,4.85,6.0,0,320
20441,47.9,49.55,7,498,135.0,6.5,7.4,1,528
20441,43.6,45.9,1,2058,140.0,7.65,8.8,8,766
20441,41.05,42.5,3,523,145.0,8.75,10.5,1,268
20441,37.45,39.8,11,2134,150.0,9.8,11.75,5,620
20441,34.9,36.45,3,275,155.0,12.2,13.85,1,204
20441,31.95,33.45,21,749,160.0,14.05,16.1,0,341
20441,29.05,31.45,18,2462,165.0,15.0,20.0,1,382
20441,26.85,28.6,27,1790,170.0,18.0,20.05,7,264
20441,23.35,27.8,1,341,175.0,20.3,24.05,20,110
20441,21.5,24.1,22,1951,180.0,24.15,25.45,1,127
20441,20.8,22.45,1,403,185.0,26.5,30.0,0,181
20441,17.4,22.0,5,405,190.0,28.5,32.95,1,19
20441,15.15,19.0,15,594,195.0,32.9,36.35,0,4
20441,16.0,16.65,14,504,200.0,36.05,40.0,0,34
20441,14.25,15.15,0,390,205.0,39.35,43.45,0,5
20441,12.0,14.85,1,1179,210.0,42.7,47.5,0,10
20441,11.5,12.6,0,152,215.0,47.7,51.0,0,3
20441,9.75,11.7,0,766,220.0,51.4,55.0,0,1
20441,9.45,10.5,2,974,225.0,55.65,59.35,0,2
20441,8.0,11.15,1,79,230.0,59.85,63.7,0,2
20441,6.2,8.2,20,149,240.0,68.5,73.5,20,24
20441,5.4,6.85,0,275,250.0,78.5,83.5,0,0
20441,4.5,5.9,0,605,260.0,88.5,93.5,0,0
20441,2.98,5.35,3,49,270.0,98.5,103.5,0,0
20469,105.5,110.5,0,285,65.0,0.36,0.5,2,1022
20469,101.0,105.5,0,176,70.0,0.47,1.15,36,2544
20469,96.5,101.0,0,367,75.0,0.55,1.97,4,1016
20469,92.0,96.5,0,189,80.0,0.6,0.95,2000,1256
20469,87.5,92.5,0,78,85.0,0.51,1.45,1,1018
20469,83.0,88.0,0,232,90.0,0.62,2.59,0,941
20469,78.5,83.5,2,42,95.0,0.77,2.5,6,387
20469,75.65,79.0,35,934,100.0,1.81,2.82,58,1046
20469,72.0,75.0,0,78,105.0,2.09,2.82,2,2396
20469,67.0,71.0,1,192,110.0,2.15,5.5,29,6400
20469,63.05,67.0,0,98,115.0,2.59,3.85,4,619
20469,58.5,63.0,6,344,120.0,4.15,4.5,38,505
20469,55.8,57.2,2,762,125.0,4.8,6.3,2,738
20469,51.7,54.9,3,633,130.0,6.05,7.25,74,634
20469,48.95,50.8,3,736,135.0,7.05,8.0,3,505
20469,45.2,48.1,4,1764,140.0,8.4,11.0,8,1030
20469,42.0,44.5,2,947,145.0,9.25,12.2,2,462
20469,38.8,41.05,12,1380,150.0,11.2,12.65,2,1187
20469,36.05,37.4,3,987,155.0,12.4,14.0,0,751
20469,33.35,35.95,14,2339,160.0,15.05,16.25,0,879
20469,30.7,31.9,4,1932,165.0,16.55,19.0,4,1943
20469,28.0,31.0,145,1482,170.0,19.6,22.15,3,1096
20469,26.45,28.65,196,4912,175.0,22.3,24.8,2,604
20469,22.35,26.05,92,1161,180.0,24.75,26.65,1,426
20469,20.25,24.5,8,1068,185.0,26.65,30.35,1,73
20469,19.35,21.0,32,1691,190.0,30.9,33.5,2,64
20469,16.45,20.7,10,969,195.0,33.05,36.7,0,702
20469,16.6,19.5,77,1518,200.0,36.5,39.65,0,47
20469,15.25,18.0,1,880,205.0,39.55,43.95,0,18
20469,12.9,16.05,5,1532,210.0,44.35,47.5,0,15
20469,11.9,14.65,14,472,215.0,47.9,51.5,0,0
20469,10.8,14.0,16,868,220.0,52.45,55.5,0,20
20469,10.25,12.45,12,1322,225.0,55.75,59.5,0,2
20469,9.4,10.7,22,262,230.0,60.25,63.85,0,2
20469,7.6,10.5,8,522,240.0,68.5,73.5,0,2
20469,6.25,9.0,31,6918,250.0,78.5,83.5,0,7
20469,4.6,6.55,2039,1109,260.0,88.5,93.5,0,0
20469,3.65,5.85,17,199,270.0,98.5,103.5,0,0
20805,82.5,87.5,4,190,95.0,2.85,4.05,1609,130
20805,81.0,83.5,2,30,100.0,1.56,6.25,22,17
20805,75.55,79.5,0,15,105.0,2.04,4.75,5,53
20805,72.4,75.5,0,31,110.0,3.2,5.6,3,23
20805,67.75,71.95,0,4,115.0,4.65,6.55,2,2
20805,65.25,68.1,0,104,120.0,5.4,7.5,11,87
20805,60.55,64.95,2,35,125.0,6.4,8.8,0,68
20805,58.85,61.6,0,184,130.0,7.75,12.0,8,43
20805,55.25,57.75,0,85,135.0,9.15,11.5,1,97
20805,52.2,54.85,2,59,140.0,11.25,14.05,0,49
20805,48.85,52.45,0,14,145.0,12.4,15.7,402,229
20805,45.95,49.7,1,120,150.0,14.0,16.5,15,86
20805,45.0,46.7,2,113,155.0,16.3,18.5,0,18
20805,40.5,44.5,0,82,160.0,18.5,22.95,0,19
20805,37.5,41.6,0,28,165.0,20.55,24.3,4,7
20805,37.75,39.6,59,98,170.0,24.1,25.8,3,54
20805,34.55,37.15,8,56,175.0,25.15,28.2,4,31
20805,32.4,34.7,40,130,180.0,28.7,30.9,31,164
20805,31.0,33.0,3,172,185.0,30.75,35.4,2,28
20805,27.4,31.2,44,388,190.0,33.9,38.2,2,72
20805,27.3,28.95,31,67,195.0,37.4,39.55,0,5
20805,25.1,27.25,25,457,200.0,40.0,44.25,2,47
20805,22.95,25.5,2,33,205.0,43.35,47.8,0,0
20805,21.05,24.25,40,214,210.0,46.5,51.4,0,20
20805,20.35,23.95,1,226,215.0,50.0,55.0,0,0
20805,19.15,22.5,2,27,220.0,54.3,58.05,0,3
20805,17.15,21.45,2,74,225.0,57.6,62.4,0,0
20805,15.5,19.2,22,128,230.0,61.75,66.2,0,14
20805,15.25,18.6,4,33,235.0,65.6,70.35,0,0
20805,13.45,17.75,0,6,240.0,70.05,74.5,0,0
20805,12.2,16.95,0,14,245.0,74.5,78.95,0,0
20805,11.8,14.4,3,327,250.0,79.1,83.45,0,0
20805,11.85,15.4,0,25,255.0,83.5,88.5,0,0
20805,10.65,14.25,0,95,260.0,88.5,93.5,0,0
20805,9.35,13.45,1,32,265.0,93.5,98.5,0,0
20805,10.45,12.5,39,297,270.0,98.5,103.5,0,0
